filepath,filename,speaker_id,speaker_age,speaker_sex,text_code,emotion_letter,emotion,version
/home/leticia/5RO11/voice_emotion/data/raw/emodb/wav/03a01Fa.wav,03a01Fa.wav,03,31,male,a01,F,happiness,a
/home/leticia/5RO11/voice_emotion/data/raw/emodb/wav/03a01Nc.wav,03a01Nc.wav,03,31,male,a01,N,neutral,c
/home/leticia/5RO11/voice_emotion/data/raw/emodb/wav/03a01Wa.wav,03a01Wa.wav,03,31,male,a01,W,anger,a
/home/leticia/5RO11/voice_emotion/data/raw/emodb/wav/03a02Fc.wav,03a02Fc.wav,03,31,male,a02,F,happiness,c
/home/leticia/5RO11/voice_emotion/data/raw/emodb/wav/03a02Nc.wav,03a02Nc.wav,03,31,male,a02,N,neutral,c
/home/leticia/5RO11/voice_emotion/data/raw/emodb/wav/03a02Ta.wav,03a02Ta.wav,03,31,male,a02,T,sadness,a
/home/leticia/5RO11/voice_emotion/data/raw/emodb/wav/03a02Wb.wav,03a02Wb.wav,03,31,male,a02,W,anger,b
/home/leticia/5RO11/voice_emotion/data/raw/emodb/wav/03a02Wc.wav,03a02Wc.wav,03,31,male,a02,W,anger,c
/home/leticia/5RO11/voice_emotion/data/raw/emodb/wav/03a04Ad.wav,03a04Ad.wav,03,31,male,a04,A,fear,d
/home/leticia/5RO11/voice_emotion/data/raw/emodb/wav/03a04Fd.wav,03a04Fd.wav,03,31,male,a04,F,happiness,d
/home/leticia/5RO11/voice_emotion/data/raw/emodb/wav/03a04Lc.wav,03a04Lc.wav,03,31,male,a04,L,boredom,c
/home/leticia/5RO11/voice_emotion/data/raw/emodb/wav/03a04Nc.wav,03a04Nc.wav,03,31,male,a04,N,neutral,c
/home/leticia/5RO11/voice_emotion/data/raw/emodb/wav/03a04Ta.wav,03a04Ta.wav,03,31,male,a04,T,sadness,a
/home/leticia/5RO11/voice_emotion/data/raw/emodb/wav/03a04Wc.wav,03a04Wc.wav,03,31,male,a04,W,anger,c
/home/leticia/5RO11/voice_emotion/data/raw/emodb/wav/03a05Aa.wav,03a05Aa.wav,03,31,male,a05,A,fear,a
/home/leticia/5RO11/voice_emotion/data/raw/emodb/wav/03a05Fc.wav,03a05Fc.wav,03,31,male,a05,F,happiness,c
/home/leticia/5RO11/voice_emotion/data/raw/emodb/wav/03a05Nd.wav,03a05Nd.wav,03,31,male,a05,N,neutral,d
/home/leticia/5RO11/voice_emotion/data/raw/emodb/wav/03a05Tc.wav,03a05Tc.wav,03,31,male,a05,T,sadness,c
/home/leticia/5RO11/voice_emotion/data/raw/emodb/wav/03a05Wa.wav,03a05Wa.wav,03,31,male,a05,W,anger,a
/home/leticia/5RO11/voice_emotion/data/raw/emodb/wav/03a05Wb.wav,03a05Wb.wav,03,31,male,a05,W,anger,b
/home/leticia/5RO11/voice_emotion/data/raw/emodb/wav/03a07Fa.wav,03a07Fa.wav,03,31,male,a07,F,happiness,a
/home/leticia/5RO11/voice_emotion/data/raw/emodb/wav/03a07Fb.wav,03a07Fb.wav,03,31,male,a07,F,happiness,b
/home/leticia/5RO11/voice_emotion/data/raw/emodb/wav/03a07La.wav,03a07La.wav,03,31,male,a07,L,boredom,a
/home/leticia/5RO11/voice_emotion/data/raw/emodb/wav/03a07Nc.wav,03a07Nc.wav,03,31,male,a07,N,neutral,c
/home/leticia/5RO11/voice_emotion/data/raw/emodb/wav/03a07Wc.wav,03a07Wc.wav,03,31,male,a07,W,anger,c
/home/leticia/5RO11/voice_emotion/data/raw/emodb/wav/03b01Fa.wav,03b01Fa.wav,03,31,male,b01,F,happiness,a
/home/leticia/5RO11/voice_emotion/data/raw/emodb/wav/03b01Lb.wav,03b01Lb.wav,03,31,male,b01,L,boredom,b
/home/leticia/5RO11/voice_emotion/data/raw/emodb/wav/03b01Nb.wav,03b01Nb.wav,03,31,male,b01,N,neutral,b
/home/leticia/5RO11/voice_emotion/data/raw/emodb/wav/03b01Td.wav,03b01Td.wav,03,31,male,b01,T,sadness,d
/home/leticia/5RO11/voice_emotion/data/raw/emodb/wav/03b01Wa.wav,03b01Wa.wav,03,31,male,b01,W,anger,a
/home/leticia/5RO11/voice_emotion/data/raw/emodb/wav/03b01Wc.wav,03b01Wc.wav,03,31,male,b01,W,anger,c
/home/leticia/5RO11/voice_emotion/data/raw/emodb/wav/03b02Aa.wav,03b02Aa.wav,03,31,male,b02,A,fear,a
/home/leticia/5RO11/voice_emotion/data/raw/emodb/wav/03b02La.wav,03b02La.wav,03,31,male,b02,L,boredom,a
/home/leticia/5RO11/voice_emotion/data/raw/emodb/wav/03b02Na.wav,03b02Na.wav,03,31,male,b02,N,neutral,a
/home/leticia/5RO11/voice_emotion/data/raw/emodb/wav/03b02Tb.wav,03b02Tb.wav,03,31,male,b02,T,sadness,b
/home/leticia/5RO11/voice_emotion/data/raw/emodb/wav/03b02Wb.wav,03b02Wb.wav,03,31,male,b02,W,anger,b
/home/leticia/5RO11/voice_emotion/data/raw/emodb/wav/03b03Nb.wav,03b03Nb.wav,03,31,male,b03,N,neutral,b
/home/leticia/5RO11/voice_emotion/data/raw/emodb/wav/03b03Tc.wav,03b03Tc.wav,03,31,male,b03,T,sadness,c
/home/leticia/5RO11/voice_emotion/data/raw/emodb/wav/03b03Wc.wav,03b03Wc.wav,03,31,male,b03,W,anger,c
/home/leticia/5RO11/voice_emotion/data/raw/emodb/wav/03b09La.wav,03b09La.wav,03,31,male,b09,L,boredom,a
/home/leticia/5RO11/voice_emotion/data/raw/emodb/wav/03b09Nc.wav,03b09Nc.wav,03,31,male,b09,N,neutral,c
/home/leticia/5RO11/voice_emotion/data/raw/emodb/wav/03b09Tc.wav,03b09Tc.wav,03,31,male,b09,T,sadness,c
/home/leticia/5RO11/voice_emotion/data/raw/emodb/wav/03b09Wa.wav,03b09Wa.wav,03,31,male,b09,W,anger,a
/home/leticia/5RO11/voice_emotion/data/raw/emodb/wav/03b10Ab.wav,03b10Ab.wav,03,31,male,b10,A,fear,b
/home/leticia/5RO11/voice_emotion/data/raw/emodb/wav/03b10Ec.wav,03b10Ec.wav,03,31,male,b10,E,disgust,c
/home/leticia/5RO11/voice_emotion/data/raw/emodb/wav/03b10Na.wav,03b10Na.wav,03,31,male,b10,N,neutral,a
/home/leticia/5RO11/voice_emotion/data/raw/emodb/wav/03b10Nc.wav,03b10Nc.wav,03,31,male,b10,N,neutral,c
/home/leticia/5RO11/voice_emotion/data/raw/emodb/wav/03b10Wb.wav,03b10Wb.wav,03,31,male,b10,W,anger,b
/home/leticia/5RO11/voice_emotion/data/raw/emodb/wav/03b10Wc.wav,03b10Wc.wav,03,31,male,b10,W,anger,c
/home/leticia/5RO11/voice_emotion/data/raw/emodb/wav/08a01Ab.wav,08a01Ab.wav,08,34,female,a01,A,fear,b
/home/leticia/5RO11/voice_emotion/data/raw/emodb/wav/08a01Fd.wav,08a01Fd.wav,08,34,female,a01,F,happiness,d
/home/leticia/5RO11/voice_emotion/data/raw/emodb/wav/08a01Lc.wav,08a01Lc.wav,08,34,female,a01,L,boredom,c
/home/leticia/5RO11/voice_emotion/data/raw/emodb/wav/08a01Na.wav,08a01Na.wav,08,34,female,a01,N,neutral,a
/home/leticia/5RO11/voice_emotion/data/raw/emodb/wav/08a01Wa.wav,08a01Wa.wav,08,34,female,a01,W,anger,a
/home/leticia/5RO11/voice_emotion/data/raw/emodb/wav/08a01Wc.wav,08a01Wc.wav,08,34,female,a01,W,anger,c
/home/leticia/5RO11/voice_emotion/data/raw/emodb/wav/08a02Ab.wav,08a02Ab.wav,08,34,female,a02,A,fear,b
/home/leticia/5RO11/voice_emotion/data/raw/emodb/wav/08a02Ac.wav,08a02Ac.wav,08,34,female,a02,A,fear,c
/home/leticia/5RO11/voice_emotion/data/raw/emodb/wav/08a02Fe.wav,08a02Fe.wav,08,34,female,a02,F,happiness,e
/home/leticia/5RO11/voice_emotion/data/raw/emodb/wav/08a02La.wav,08a02La.wav,08,34,female,a02,L,boredom,a
/home/leticia/5RO11/voice_emotion/data/raw/emodb/wav/08a02Na.wav,08a02Na.wav,08,34,female,a02,N,neutral,a
/home/leticia/5RO11/voice_emotion/data/raw/emodb/wav/08a02Tb.wav,08a02Tb.wav,08,34,female,a02,T,sadness,b
/home/leticia/5RO11/voice_emotion/data/raw/emodb/wav/08a02Wc.wav,08a02Wc.wav,08,34,female,a02,W,anger,c
/home/leticia/5RO11/voice_emotion/data/raw/emodb/wav/08a04Ff.wav,08a04Ff.wav,08,34,female,a04,F,happiness,f
/home/leticia/5RO11/voice_emotion/data/raw/emodb/wav/08a04La.wav,08a04La.wav,08,34,female,a04,L,boredom,a
/home/leticia/5RO11/voice_emotion/data/raw/emodb/wav/08a04Nc.wav,08a04Nc.wav,08,34,female,a04,N,neutral,c
/home/leticia/5RO11/voice_emotion/data/raw/emodb/wav/08a04Tb.wav,08a04Tb.wav,08,34,female,a04,T,sadness,b
/home/leticia/5RO11/voice_emotion/data/raw/emodb/wav/08a04Wc.wav,08a04Wc.wav,08,34,female,a04,W,anger,c
/home/leticia/5RO11/voice_emotion/data/raw/emodb/wav/08a05Fe.wav,08a05Fe.wav,08,34,female,a05,F,happiness,e
/home/leticia/5RO11/voice_emotion/data/raw/emodb/wav/08a05Lc.wav,08a05Lc.wav,08,34,female,a05,L,boredom,c
/home/leticia/5RO11/voice_emotion/data/raw/emodb/wav/08a05Nb.wav,08a05Nb.wav,08,34,female,a05,N,neutral,b
/home/leticia/5RO11/voice_emotion/data/raw/emodb/wav/08a05Ta.wav,08a05Ta.wav,08,34,female,a05,T,sadness,a
/home/leticia/5RO11/voice_emotion/data/raw/emodb/wav/08a05Wa.wav,08a05Wa.wav,08,34,female,a05,W,anger,a
/home/leticia/5RO11/voice_emotion/data/raw/emodb/wav/08a07Fd.wav,08a07Fd.wav,08,34,female,a07,F,happiness,d
/home/leticia/5RO11/voice_emotion/data/raw/emodb/wav/08a07La.wav,08a07La.wav,08,34,female,a07,L,boredom,a
/home/leticia/5RO11/voice_emotion/data/raw/emodb/wav/08a07Na.wav,08a07Na.wav,08,34,female,a07,N,neutral,a
/home/leticia/5RO11/voice_emotion/data/raw/emodb/wav/08a07Ta.wav,08a07Ta.wav,08,34,female,a07,T,sadness,a
/home/leticia/5RO11/voice_emotion/data/raw/emodb/wav/08a07Tb.wav,08a07Tb.wav,08,34,female,a07,T,sadness,b
/home/leticia/5RO11/voice_emotion/data/raw/emodb/wav/08a07Wc.wav,08a07Wc.wav,08,34,female,a07,W,anger,c
/home/leticia/5RO11/voice_emotion/data/raw/emodb/wav/08b01Aa.wav,08b01Aa.wav,08,34,female,b01,A,fear,a
/home/leticia/5RO11/voice_emotion/data/raw/emodb/wav/08b01Fd.wav,08b01Fd.wav,08,34,female,b01,F,happiness,d
/home/leticia/5RO11/voice_emotion/data/raw/emodb/wav/08b01Fe.wav,08b01Fe.wav,08,34,female,b01,F,happiness,e
/home/leticia/5RO11/voice_emotion/data/raw/emodb/wav/08b01Lb.wav,08b01Lb.wav,08,34,female,b01,L,boredom,b
/home/leticia/5RO11/voice_emotion/data/raw/emodb/wav/08b01Na.wav,08b01Na.wav,08,34,female,b01,N,neutral,a
/home/leticia/5RO11/voice_emotion/data/raw/emodb/wav/08b01Wa.wav,08b01Wa.wav,08,34,female,b01,W,anger,a
/home/leticia/5RO11/voice_emotion/data/raw/emodb/wav/08b02Ff.wav,08b02Ff.wav,08,34,female,b02,F,happiness,f
/home/leticia/5RO11/voice_emotion/data/raw/emodb/wav/08b02La.wav,08b02La.wav,08,34,female,b02,L,boredom,a
/home/leticia/5RO11/voice_emotion/data/raw/emodb/wav/08b02Nb.wav,08b02Nb.wav,08,34,female,b02,N,neutral,b
/home/leticia/5RO11/voice_emotion/data/raw/emodb/wav/08b02Tc.wav,08b02Tc.wav,08,34,female,b02,T,sadness,c
/home/leticia/5RO11/voice_emotion/data/raw/emodb/wav/08b02Wd.wav,08b02Wd.wav,08,34,female,b02,W,anger,d
/home/leticia/5RO11/voice_emotion/data/raw/emodb/wav/08b03Fe.wav,08b03Fe.wav,08,34,female,b03,F,happiness,e
/home/leticia/5RO11/voice_emotion/data/raw/emodb/wav/08b03Lc.wav,08b03Lc.wav,08,34,female,b03,L,boredom,c
/home/leticia/5RO11/voice_emotion/data/raw/emodb/wav/08b03Nb.wav,08b03Nb.wav,08,34,female,b03,N,neutral,b
/home/leticia/5RO11/voice_emotion/data/raw/emodb/wav/08b03Tc.wav,08b03Tc.wav,08,34,female,b03,T,sadness,c
/home/leticia/5RO11/voice_emotion/data/raw/emodb/wav/08b03Wd.wav,08b03Wd.wav,08,34,female,b03,W,anger,d
/home/leticia/5RO11/voice_emotion/data/raw/emodb/wav/08b09Ab.wav,08b09Ab.wav,08,34,female,b09,A,fear,b
/home/leticia/5RO11/voice_emotion/data/raw/emodb/wav/08b09Fd.wav,08b09Fd.wav,08,34,female,b09,F,happiness,d
/home/leticia/5RO11/voice_emotion/data/raw/emodb/wav/08b09Lc.wav,08b09Lc.wav,08,34,female,b09,L,boredom,c
/home/leticia/5RO11/voice_emotion/data/raw/emodb/wav/08b09Nb.wav,08b09Nb.wav,08,34,female,b09,N,neutral,b
/home/leticia/5RO11/voice_emotion/data/raw/emodb/wav/08b09Tb.wav,08b09Tb.wav,08,34,female,b09,T,sadness,b
/home/leticia/5RO11/voice_emotion/data/raw/emodb/wav/08b09Wa.wav,08b09Wa.wav,08,34,female,b09,W,anger,a
/home/leticia/5RO11/voice_emotion/data/raw/emodb/wav/08b09Wc.wav,08b09Wc.wav,08,34,female,b09,W,anger,c
/home/leticia/5RO11/voice_emotion/data/raw/emodb/wav/08b10Aa.wav,08b10Aa.wav,08,34,female,b10,A,fear,a
/home/leticia/5RO11/voice_emotion/data/raw/emodb/wav/08b10Fd.wav,08b10Fd.wav,08,34,female,b10,F,happiness,d
/home/leticia/5RO11/voice_emotion/data/raw/emodb/wav/08b10La.wav,08b10La.wav,08,34,female,b10,L,boredom,a
/home/leticia/5RO11/voice_emotion/data/raw/emodb/wav/08b10Nc.wav,08b10Nc.wav,08,34,female,b10,N,neutral,c
/home/leticia/5RO11/voice_emotion/data/raw/emodb/wav/08b10Tc.wav,08b10Tc.wav,08,34,female,b10,T,sadness,c
/home/leticia/5RO11/voice_emotion/data/raw/emodb/wav/08b10Wa.wav,08b10Wa.wav,08,34,female,b10,W,anger,a
/home/leticia/5RO11/voice_emotion/data/raw/emodb/wav/09a01Ea.wav,09a01Ea.wav,09,21,female,a01,E,disgust,a
/home/leticia/5RO11/voice_emotion/data/raw/emodb/wav/09a01Fa.wav,09a01Fa.wav,09,21,female,a01,F,happiness,a
/home/leticia/5RO11/voice_emotion/data/raw/emodb/wav/09a01Nb.wav,09a01Nb.wav,09,21,female,a01,N,neutral,b
/home/leticia/5RO11/voice_emotion/data/raw/emodb/wav/09a01Wb.wav,09a01Wb.wav,09,21,female,a01,W,anger,b
/home/leticia/5RO11/voice_emotion/data/raw/emodb/wav/09a02Ea.wav,09a02Ea.wav,09,21,female,a02,E,disgust,a
/home/leticia/5RO11/voice_emotion/data/raw/emodb/wav/09a02Eb.wav,09a02Eb.wav,09,21,female,a02,E,disgust,b
/home/leticia/5RO11/voice_emotion/data/raw/emodb/wav/09a02La.wav,09a02La.wav,09,21,female,a02,L,boredom,a
/home/leticia/5RO11/voice_emotion/data/raw/emodb/wav/09a02Wb.wav,09a02Wb.wav,09,21,female,a02,W,anger,b
/home/leticia/5RO11/voice_emotion/data/raw/emodb/wav/09a04Fd.wav,09a04Fd.wav,09,21,female,a04,F,happiness,d
/home/leticia/5RO11/voice_emotion/data/raw/emodb/wav/09a04La.wav,09a04La.wav,09,21,female,a04,L,boredom,a
/home/leticia/5RO11/voice_emotion/data/raw/emodb/wav/09a04Nb.wav,09a04Nb.wav,09,21,female,a04,N,neutral,b
/home/leticia/5RO11/voice_emotion/data/raw/emodb/wav/09a04Wa.wav,09a04Wa.wav,09,21,female,a04,W,anger,a
/home/leticia/5RO11/voice_emotion/data/raw/emodb/wav/09a05Ed.wav,09a05Ed.wav,09,21,female,a05,E,disgust,d
/home/leticia/5RO11/voice_emotion/data/raw/emodb/wav/09a05Lc.wav,09a05Lc.wav,09,21,female,a05,L,boredom,c
/home/leticia/5RO11/voice_emotion/data/raw/emodb/wav/09a05Nb.wav,09a05Nb.wav,09,21,female,a05,N,neutral,b
/home/leticia/5RO11/voice_emotion/data/raw/emodb/wav/09a05Tb.wav,09a05Tb.wav,09,21,female,a05,T,sadness,b
/home/leticia/5RO11/voice_emotion/data/raw/emodb/wav/09a05Wb.wav,09a05Wb.wav,09,21,female,a05,W,anger,b
/home/leticia/5RO11/voice_emotion/data/raw/emodb/wav/09a05Wc.wav,09a05Wc.wav,09,21,female,a05,W,anger,c
/home/leticia/5RO11/voice_emotion/data/raw/emodb/wav/09a07Eb.wav,09a07Eb.wav,09,21,female,a07,E,disgust,b
/home/leticia/5RO11/voice_emotion/data/raw/emodb/wav/09a07Na.wav,09a07Na.wav,09,21,female,a07,N,neutral,a
/home/leticia/5RO11/voice_emotion/data/raw/emodb/wav/09a07Ta.wav,09a07Ta.wav,09,21,female,a07,T,sadness,a
/home/leticia/5RO11/voice_emotion/data/raw/emodb/wav/09a07Wb.wav,09a07Wb.wav,09,21,female,a07,W,anger,b
/home/leticia/5RO11/voice_emotion/data/raw/emodb/wav/09a07Wd.wav,09a07Wd.wav,09,21,female,a07,W,anger,d
/home/leticia/5RO11/voice_emotion/data/raw/emodb/wav/09b01Ea.wav,09b01Ea.wav,09,21,female,b01,E,disgust,a
/home/leticia/5RO11/voice_emotion/data/raw/emodb/wav/09b01Na.wav,09b01Na.wav,09,21,female,b01,N,neutral,a
/home/leticia/5RO11/voice_emotion/data/raw/emodb/wav/09b01Wb.wav,09b01Wb.wav,09,21,female,b01,W,anger,b
/home/leticia/5RO11/voice_emotion/data/raw/emodb/wav/09b02Na.wav,09b02Na.wav,09,21,female,b02,N,neutral,a
/home/leticia/5RO11/voice_emotion/data/raw/emodb/wav/09b02Tb.wav,09b02Tb.wav,09,21,female,b02,T,sadness,b
/home/leticia/5RO11/voice_emotion/data/raw/emodb/wav/09b02Wc.wav,09b02Wc.wav,09,21,female,b02,W,anger,c
/home/leticia/5RO11/voice_emotion/data/raw/emodb/wav/09b02Wd.wav,09b02Wd.wav,09,21,female,b02,W,anger,d
/home/leticia/5RO11/voice_emotion/data/raw/emodb/wav/09b03Ed.wav,09b03Ed.wav,09,21,female,b03,E,disgust,d
/home/leticia/5RO11/voice_emotion/data/raw/emodb/wav/09b03Fa.wav,09b03Fa.wav,09,21,female,b03,F,happiness,a
/home/leticia/5RO11/voice_emotion/data/raw/emodb/wav/09b03Fd.wav,09b03Fd.wav,09,21,female,b03,F,happiness,d
/home/leticia/5RO11/voice_emotion/data/raw/emodb/wav/09b03Lb.wav,09b03Lb.wav,09,21,female,b03,L,boredom,b
/home/leticia/5RO11/voice_emotion/data/raw/emodb/wav/09b03Nb.wav,09b03Nb.wav,09,21,female,b03,N,neutral,b
/home/leticia/5RO11/voice_emotion/data/raw/emodb/wav/09b03Ta.wav,09b03Ta.wav,09,21,female,b03,T,sadness,a
/home/leticia/5RO11/voice_emotion/data/raw/emodb/wav/09b03Wb.wav,09b03Wb.wav,09,21,female,b03,W,anger,b
/home/leticia/5RO11/voice_emotion/data/raw/emodb/wav/09b09Ea.wav,09b09Ea.wav,09,21,female,b09,E,disgust,a
/home/leticia/5RO11/voice_emotion/data/raw/emodb/wav/09b09Nd.wav,09b09Nd.wav,09,21,female,b09,N,neutral,d
/home/leticia/5RO11/voice_emotion/data/raw/emodb/wav/09b09Wa.wav,09b09Wa.wav,09,21,female,b09,W,anger,a
/home/leticia/5RO11/voice_emotion/data/raw/emodb/wav/09b10Aa.wav,09b10Aa.wav,09,21,female,b10,A,fear,a
/home/leticia/5RO11/voice_emotion/data/raw/emodb/wav/09b10Nd.wav,09b10Nd.wav,09,21,female,b10,N,neutral,d
/home/leticia/5RO11/voice_emotion/data/raw/emodb/wav/09b10Wa.wav,09b10Wa.wav,09,21,female,b10,W,anger,a
/home/leticia/5RO11/voice_emotion/data/raw/emodb/wav/10a01Ac.wav,10a01Ac.wav,10,32,male,a01,A,fear,c
/home/leticia/5RO11/voice_emotion/data/raw/emodb/wav/10a01Nb.wav,10a01Nb.wav,10,32,male,a01,N,neutral,b
/home/leticia/5RO11/voice_emotion/data/raw/emodb/wav/10a01Wa.wav,10a01Wa.wav,10,32,male,a01,W,anger,a
/home/leticia/5RO11/voice_emotion/data/raw/emodb/wav/10a02Ab.wav,10a02Ab.wav,10,32,male,a02,A,fear,b
/home/leticia/5RO11/voice_emotion/data/raw/emodb/wav/10a02Fa.wav,10a02Fa.wav,10,32,male,a02,F,happiness,a
/home/leticia/5RO11/voice_emotion/data/raw/emodb/wav/10a02Lb.wav,10a02Lb.wav,10,32,male,a02,L,boredom,b
/home/leticia/5RO11/voice_emotion/data/raw/emodb/wav/10a02Na.wav,10a02Na.wav,10,32,male,a02,N,neutral,a
/home/leticia/5RO11/voice_emotion/data/raw/emodb/wav/10a02Wa.wav,10a02Wa.wav,10,32,male,a02,W,anger,a
/home/leticia/5RO11/voice_emotion/data/raw/emodb/wav/10a04Fd.wav,10a04Fd.wav,10,32,male,a04,F,happiness,d
/home/leticia/5RO11/voice_emotion/data/raw/emodb/wav/10a04Nb.wav,10a04Nb.wav,10,32,male,a04,N,neutral,b
/home/leticia/5RO11/voice_emotion/data/raw/emodb/wav/10a04Wa.wav,10a04Wa.wav,10,32,male,a04,W,anger,a
/home/leticia/5RO11/voice_emotion/data/raw/emodb/wav/10a04Wb.wav,10a04Wb.wav,10,32,male,a04,W,anger,b
/home/leticia/5RO11/voice_emotion/data/raw/emodb/wav/10a05Aa.wav,10a05Aa.wav,10,32,male,a05,A,fear,a
/home/leticia/5RO11/voice_emotion/data/raw/emodb/wav/10a05Ld.wav,10a05Ld.wav,10,32,male,a05,L,boredom,d
/home/leticia/5RO11/voice_emotion/data/raw/emodb/wav/10a05Tb.wav,10a05Tb.wav,10,32,male,a05,T,sadness,b
/home/leticia/5RO11/voice_emotion/data/raw/emodb/wav/10a05Wb.wav,10a05Wb.wav,10,32,male,a05,W,anger,b
/home/leticia/5RO11/voice_emotion/data/raw/emodb/wav/10a07Aa.wav,10a07Aa.wav,10,32,male,a07,A,fear,a
/home/leticia/5RO11/voice_emotion/data/raw/emodb/wav/10a07Ad.wav,10a07Ad.wav,10,32,male,a07,A,fear,d
/home/leticia/5RO11/voice_emotion/data/raw/emodb/wav/10a07La.wav,10a07La.wav,10,32,male,a07,L,boredom,a
/home/leticia/5RO11/voice_emotion/data/raw/emodb/wav/10a07Ta.wav,10a07Ta.wav,10,32,male,a07,T,sadness,a
/home/leticia/5RO11/voice_emotion/data/raw/emodb/wav/10a07Wb.wav,10a07Wb.wav,10,32,male,a07,W,anger,b
/home/leticia/5RO11/voice_emotion/data/raw/emodb/wav/10b01Aa.wav,10b01Aa.wav,10,32,male,b01,A,fear,a
/home/leticia/5RO11/voice_emotion/data/raw/emodb/wav/10b01Ea.wav,10b01Ea.wav,10,32,male,b01,E,disgust,a
/home/leticia/5RO11/voice_emotion/data/raw/emodb/wav/10b01Fa.wav,10b01Fa.wav,10,32,male,b01,F,happiness,a
/home/leticia/5RO11/voice_emotion/data/raw/emodb/wav/10b01Lb.wav,10b01Lb.wav,10,32,male,b01,L,boredom,b
/home/leticia/5RO11/voice_emotion/data/raw/emodb/wav/10b02Aa.wav,10b02Aa.wav,10,32,male,b02,A,fear,a
/home/leticia/5RO11/voice_emotion/data/raw/emodb/wav/10b02La.wav,10b02La.wav,10,32,male,b02,L,boredom,a
/home/leticia/5RO11/voice_emotion/data/raw/emodb/wav/10b02Na.wav,10b02Na.wav,10,32,male,b02,N,neutral,a
/home/leticia/5RO11/voice_emotion/data/raw/emodb/wav/10b02Wb.wav,10b02Wb.wav,10,32,male,b02,W,anger,b
/home/leticia/5RO11/voice_emotion/data/raw/emodb/wav/10b03La.wav,10b03La.wav,10,32,male,b03,L,boredom,a
/home/leticia/5RO11/voice_emotion/data/raw/emodb/wav/10b03Tb.wav,10b03Tb.wav,10,32,male,b03,T,sadness,b
/home/leticia/5RO11/voice_emotion/data/raw/emodb/wav/10b03Wb.wav,10b03Wb.wav,10,32,male,b03,W,anger,b
/home/leticia/5RO11/voice_emotion/data/raw/emodb/wav/10b09Ad.wav,10b09Ad.wav,10,32,male,b09,A,fear,d
/home/leticia/5RO11/voice_emotion/data/raw/emodb/wav/10b09Lb.wav,10b09Lb.wav,10,32,male,b09,L,boredom,b
/home/leticia/5RO11/voice_emotion/data/raw/emodb/wav/10b09Wb.wav,10b09Wb.wav,10,32,male,b09,W,anger,b
/home/leticia/5RO11/voice_emotion/data/raw/emodb/wav/10b10Fc.wav,10b10Fc.wav,10,32,male,b10,F,happiness,c
/home/leticia/5RO11/voice_emotion/data/raw/emodb/wav/10b10Lc.wav,10b10Lc.wav,10,32,male,b10,L,boredom,c
/home/leticia/5RO11/voice_emotion/data/raw/emodb/wav/10b10Wa.wav,10b10Wa.wav,10,32,male,b10,W,anger,a
/home/leticia/5RO11/voice_emotion/data/raw/emodb/wav/11a01Aa.wav,11a01Aa.wav,11,26,male,a01,A,fear,a
/home/leticia/5RO11/voice_emotion/data/raw/emodb/wav/11a01Ab.wav,11a01Ab.wav,11,26,male,a01,A,fear,b
/home/leticia/5RO11/voice_emotion/data/raw/emodb/wav/11a01Ld.wav,11a01Ld.wav,11,26,male,a01,L,boredom,d
/home/leticia/5RO11/voice_emotion/data/raw/emodb/wav/11a01Nd.wav,11a01Nd.wav,11,26,male,a01,N,neutral,d
/home/leticia/5RO11/voice_emotion/data/raw/emodb/wav/11a01Wc.wav,11a01Wc.wav,11,26,male,a01,W,anger,c
/home/leticia/5RO11/voice_emotion/data/raw/emodb/wav/11a02Ec.wav,11a02Ec.wav,11,26,male,a02,E,disgust,c
/home/leticia/5RO11/voice_emotion/data/raw/emodb/wav/11a02Fb.wav,11a02Fb.wav,11,26,male,a02,F,happiness,b
/home/leticia/5RO11/voice_emotion/data/raw/emodb/wav/11a02Ld.wav,11a02Ld.wav,11,26,male,a02,L,boredom,d
/home/leticia/5RO11/voice_emotion/data/raw/emodb/wav/11a02Nc.wav,11a02Nc.wav,11,26,male,a02,N,neutral,c
/home/leticia/5RO11/voice_emotion/data/raw/emodb/wav/11a02Tc.wav,11a02Tc.wav,11,26,male,a02,T,sadness,c
/home/leticia/5RO11/voice_emotion/data/raw/emodb/wav/11a02Wc.wav,11a02Wc.wav,11,26,male,a02,W,anger,c
/home/leticia/5RO11/voice_emotion/data/raw/emodb/wav/11a04Ac.wav,11a04Ac.wav,11,26,male,a04,A,fear,c
/home/leticia/5RO11/voice_emotion/data/raw/emodb/wav/11a04Fd.wav,11a04Fd.wav,11,26,male,a04,F,happiness,d
/home/leticia/5RO11/voice_emotion/data/raw/emodb/wav/11a04Nd.wav,11a04Nd.wav,11,26,male,a04,N,neutral,d
/home/leticia/5RO11/voice_emotion/data/raw/emodb/wav/11a04Wc.wav,11a04Wc.wav,11,26,male,a04,W,anger,c
/home/leticia/5RO11/voice_emotion/data/raw/emodb/wav/11a05Ad.wav,11a05Ad.wav,11,26,male,a05,A,fear,d
/home/leticia/5RO11/voice_emotion/data/raw/emodb/wav/11a05Fb.wav,11a05Fb.wav,11,26,male,a05,F,happiness,b
/home/leticia/5RO11/voice_emotion/data/raw/emodb/wav/11a05Fc.wav,11a05Fc.wav,11,26,male,a05,F,happiness,c
/home/leticia/5RO11/voice_emotion/data/raw/emodb/wav/11a05Lc.wav,11a05Lc.wav,11,26,male,a05,L,boredom,c
/home/leticia/5RO11/voice_emotion/data/raw/emodb/wav/11a05Na.wav,11a05Na.wav,11,26,male,a05,N,neutral,a
/home/leticia/5RO11/voice_emotion/data/raw/emodb/wav/11a05Td.wav,11a05Td.wav,11,26,male,a05,T,sadness,d
/home/leticia/5RO11/voice_emotion/data/raw/emodb/wav/11a05Wd.wav,11a05Wd.wav,11,26,male,a05,W,anger,d
/home/leticia/5RO11/voice_emotion/data/raw/emodb/wav/11a07Ac.wav,11a07Ac.wav,11,26,male,a07,A,fear,c
/home/leticia/5RO11/voice_emotion/data/raw/emodb/wav/11a07Ld.wav,11a07Ld.wav,11,26,male,a07,L,boredom,d
/home/leticia/5RO11/voice_emotion/data/raw/emodb/wav/11a07Ta.wav,11a07Ta.wav,11,26,male,a07,T,sadness,a
/home/leticia/5RO11/voice_emotion/data/raw/emodb/wav/11a07Wc.wav,11a07Wc.wav,11,26,male,a07,W,anger,c
/home/leticia/5RO11/voice_emotion/data/raw/emodb/wav/11b01Ab.wav,11b01Ab.wav,11,26,male,b01,A,fear,b
/home/leticia/5RO11/voice_emotion/data/raw/emodb/wav/11b01Eb.wav,11b01Eb.wav,11,26,male,b01,E,disgust,b
/home/leticia/5RO11/voice_emotion/data/raw/emodb/wav/11b01Fc.wav,11b01Fc.wav,11,26,male,b01,F,happiness,c
/home/leticia/5RO11/voice_emotion/data/raw/emodb/wav/11b01Lb.wav,11b01Lb.wav,11,26,male,b01,L,boredom,b
/home/leticia/5RO11/voice_emotion/data/raw/emodb/wav/11b01Nc.wav,11b01Nc.wav,11,26,male,b01,N,neutral,c
/home/leticia/5RO11/voice_emotion/data/raw/emodb/wav/11b01Wd.wav,11b01Wd.wav,11,26,male,b01,W,anger,d
/home/leticia/5RO11/voice_emotion/data/raw/emodb/wav/11b02Ab.wav,11b02Ab.wav,11,26,male,b02,A,fear,b
/home/leticia/5RO11/voice_emotion/data/raw/emodb/wav/11b02Fd.wav,11b02Fd.wav,11,26,male,b02,F,happiness,d
/home/leticia/5RO11/voice_emotion/data/raw/emodb/wav/11b02Na.wav,11b02Na.wav,11,26,male,b02,N,neutral,a
/home/leticia/5RO11/voice_emotion/data/raw/emodb/wav/11b02Td.wav,11b02Td.wav,11,26,male,b02,T,sadness,d
/home/leticia/5RO11/voice_emotion/data/raw/emodb/wav/11b02Wb.wav,11b02Wb.wav,11,26,male,b02,W,anger,b
/home/leticia/5RO11/voice_emotion/data/raw/emodb/wav/11b03Fc.wav,11b03Fc.wav,11,26,male,b03,F,happiness,c
/home/leticia/5RO11/voice_emotion/data/raw/emodb/wav/11b03Lc.wav,11b03Lc.wav,11,26,male,b03,L,boredom,c
/home/leticia/5RO11/voice_emotion/data/raw/emodb/wav/11b03Nb.wav,11b03Nb.wav,11,26,male,b03,N,neutral,b
/home/leticia/5RO11/voice_emotion/data/raw/emodb/wav/11b03Td.wav,11b03Td.wav,11,26,male,b03,T,sadness,d
/home/leticia/5RO11/voice_emotion/data/raw/emodb/wav/11b03Wa.wav,11b03Wa.wav,11,26,male,b03,W,anger,a
/home/leticia/5RO11/voice_emotion/data/raw/emodb/wav/11b03Wb.wav,11b03Wb.wav,11,26,male,b03,W,anger,b
/home/leticia/5RO11/voice_emotion/data/raw/emodb/wav/11b09Ad.wav,11b09Ad.wav,11,26,male,b09,A,fear,d
/home/leticia/5RO11/voice_emotion/data/raw/emodb/wav/11b09Fd.wav,11b09Fd.wav,11,26,male,b09,F,happiness,d
/home/leticia/5RO11/voice_emotion/data/raw/emodb/wav/11b09Ld.wav,11b09Ld.wav,11,26,male,b09,L,boredom,d
/home/leticia/5RO11/voice_emotion/data/raw/emodb/wav/11b09Na.wav,11b09Na.wav,11,26,male,b09,N,neutral,a
/home/leticia/5RO11/voice_emotion/data/raw/emodb/wav/11b09Td.wav,11b09Td.wav,11,26,male,b09,T,sadness,d
/home/leticia/5RO11/voice_emotion/data/raw/emodb/wav/11b09Wa.wav,11b09Wa.wav,11,26,male,b09,W,anger,a
/home/leticia/5RO11/voice_emotion/data/raw/emodb/wav/11b10Ad.wav,11b10Ad.wav,11,26,male,b10,A,fear,d
/home/leticia/5RO11/voice_emotion/data/raw/emodb/wav/11b10Ae.wav,11b10Ae.wav,11,26,male,b10,A,fear,e
/home/leticia/5RO11/voice_emotion/data/raw/emodb/wav/11b10Ld.wav,11b10Ld.wav,11,26,male,b10,L,boredom,d
/home/leticia/5RO11/voice_emotion/data/raw/emodb/wav/11b10Nc.wav,11b10Nc.wav,11,26,male,b10,N,neutral,c
/home/leticia/5RO11/voice_emotion/data/raw/emodb/wav/11b10Td.wav,11b10Td.wav,11,26,male,b10,T,sadness,d
/home/leticia/5RO11/voice_emotion/data/raw/emodb/wav/11b10Wa.wav,11b10Wa.wav,11,26,male,b10,W,anger,a
/home/leticia/5RO11/voice_emotion/data/raw/emodb/wav/12a01Fb.wav,12a01Fb.wav,12,30,male,a01,F,happiness,b
/home/leticia/5RO11/voice_emotion/data/raw/emodb/wav/12a01Lb.wav,12a01Lb.wav,12,30,male,a01,L,boredom,b
/home/leticia/5RO11/voice_emotion/data/raw/emodb/wav/12a01Nb.wav,12a01Nb.wav,12,30,male,a01,N,neutral,b
/home/leticia/5RO11/voice_emotion/data/raw/emodb/wav/12a01Wc.wav,12a01Wc.wav,12,30,male,a01,W,anger,c
/home/leticia/5RO11/voice_emotion/data/raw/emodb/wav/12a02Ac.wav,12a02Ac.wav,12,30,male,a02,A,fear,c
/home/leticia/5RO11/voice_emotion/data/raw/emodb/wav/12a02Ec.wav,12a02Ec.wav,12,30,male,a02,E,disgust,c
/home/leticia/5RO11/voice_emotion/data/raw/emodb/wav/12a02Nb.wav,12a02Nb.wav,12,30,male,a02,N,neutral,b
/home/leticia/5RO11/voice_emotion/data/raw/emodb/wav/12a02Wa.wav,12a02Wa.wav,12,30,male,a02,W,anger,a
/home/leticia/5RO11/voice_emotion/data/raw/emodb/wav/12a02Wc.wav,12a02Wc.wav,12,30,male,a02,W,anger,c
/home/leticia/5RO11/voice_emotion/data/raw/emodb/wav/12a04Wc.wav,12a04Wc.wav,12,30,male,a04,W,anger,c
/home/leticia/5RO11/voice_emotion/data/raw/emodb/wav/12a05Ab.wav,12a05Ab.wav,12,30,male,a05,A,fear,b
/home/leticia/5RO11/voice_emotion/data/raw/emodb/wav/12a05Lb.wav,12a05Lb.wav,12,30,male,a05,L,boredom,b
/home/leticia/5RO11/voice_emotion/data/raw/emodb/wav/12a05Nd.wav,12a05Nd.wav,12,30,male,a05,N,neutral,d
/home/leticia/5RO11/voice_emotion/data/raw/emodb/wav/12a05Ta.wav,12a05Ta.wav,12,30,male,a05,T,sadness,a
/home/leticia/5RO11/voice_emotion/data/raw/emodb/wav/12a05Wb.wav,12a05Wb.wav,12,30,male,a05,W,anger,b
/home/leticia/5RO11/voice_emotion/data/raw/emodb/wav/12a07Ac.wav,12a07Ac.wav,12,30,male,a07,A,fear,c
/home/leticia/5RO11/voice_emotion/data/raw/emodb/wav/12a07La.wav,12a07La.wav,12,30,male,a07,L,boredom,a
/home/leticia/5RO11/voice_emotion/data/raw/emodb/wav/12a07Wa.wav,12a07Wa.wav,12,30,male,a07,W,anger,a
/home/leticia/5RO11/voice_emotion/data/raw/emodb/wav/12b01Ta.wav,12b01Ta.wav,12,30,male,b01,T,sadness,a
/home/leticia/5RO11/voice_emotion/data/raw/emodb/wav/12b01Wa.wav,12b01Wa.wav,12,30,male,b01,W,anger,a
/home/leticia/5RO11/voice_emotion/data/raw/emodb/wav/12b02Ad.wav,12b02Ad.wav,12,30,male,b02,A,fear,d
/home/leticia/5RO11/voice_emotion/data/raw/emodb/wav/12b02Ea.wav,12b02Ea.wav,12,30,male,b02,E,disgust,a
/home/leticia/5RO11/voice_emotion/data/raw/emodb/wav/12b02Fb.wav,12b02Fb.wav,12,30,male,b02,F,happiness,b
/home/leticia/5RO11/voice_emotion/data/raw/emodb/wav/12b02Na.wav,12b02Na.wav,12,30,male,b02,N,neutral,a
/home/leticia/5RO11/voice_emotion/data/raw/emodb/wav/12b02Wa.wav,12b02Wa.wav,12,30,male,b02,W,anger,a
/home/leticia/5RO11/voice_emotion/data/raw/emodb/wav/12b02Wb.wav,12b02Wb.wav,12,30,male,b02,W,anger,b
/home/leticia/5RO11/voice_emotion/data/raw/emodb/wav/12b02Wd.wav,12b02Wd.wav,12,30,male,b02,W,anger,d
/home/leticia/5RO11/voice_emotion/data/raw/emodb/wav/12b03La.wav,12b03La.wav,12,30,male,b03,L,boredom,a
/home/leticia/5RO11/voice_emotion/data/raw/emodb/wav/12b03Ta.wav,12b03Ta.wav,12,30,male,b03,T,sadness,a
/home/leticia/5RO11/voice_emotion/data/raw/emodb/wav/12b09Ac.wav,12b09Ac.wav,12,30,male,b09,A,fear,c
/home/leticia/5RO11/voice_emotion/data/raw/emodb/wav/12b09Td.wav,12b09Td.wav,12,30,male,b09,T,sadness,d
/home/leticia/5RO11/voice_emotion/data/raw/emodb/wav/12b09Wc.wav,12b09Wc.wav,12,30,male,b09,W,anger,c
/home/leticia/5RO11/voice_emotion/data/raw/emodb/wav/12b10Ac.wav,12b10Ac.wav,12,30,male,b10,A,fear,c
/home/leticia/5RO11/voice_emotion/data/raw/emodb/wav/12b10Ld.wav,12b10Ld.wav,12,30,male,b10,L,boredom,d
/home/leticia/5RO11/voice_emotion/data/raw/emodb/wav/12b10Wa.wav,12b10Wa.wav,12,30,male,b10,W,anger,a
/home/leticia/5RO11/voice_emotion/data/raw/emodb/wav/13a01Ac.wav,13a01Ac.wav,13,32,female,a01,A,fear,c
/home/leticia/5RO11/voice_emotion/data/raw/emodb/wav/13a01Ea.wav,13a01Ea.wav,13,32,female,a01,E,disgust,a
/home/leticia/5RO11/voice_emotion/data/raw/emodb/wav/13a01Ec.wav,13a01Ec.wav,13,32,female,a01,E,disgust,c
/home/leticia/5RO11/voice_emotion/data/raw/emodb/wav/13a01Fd.wav,13a01Fd.wav,13,32,female,a01,F,happiness,d
/home/leticia/5RO11/voice_emotion/data/raw/emodb/wav/13a01Lb.wav,13a01Lb.wav,13,32,female,a01,L,boredom,b
/home/leticia/5RO11/voice_emotion/data/raw/emodb/wav/13a01Nb.wav,13a01Nb.wav,13,32,female,a01,N,neutral,b
/home/leticia/5RO11/voice_emotion/data/raw/emodb/wav/13a01Wb.wav,13a01Wb.wav,13,32,female,a01,W,anger,b
/home/leticia/5RO11/voice_emotion/data/raw/emodb/wav/13a02Ad.wav,13a02Ad.wav,13,32,female,a02,A,fear,d
/home/leticia/5RO11/voice_emotion/data/raw/emodb/wav/13a02Ec.wav,13a02Ec.wav,13,32,female,a02,E,disgust,c
/home/leticia/5RO11/voice_emotion/data/raw/emodb/wav/13a02Fa.wav,13a02Fa.wav,13,32,female,a02,F,happiness,a
/home/leticia/5RO11/voice_emotion/data/raw/emodb/wav/13a02Lc.wav,13a02Lc.wav,13,32,female,a02,L,boredom,c
/home/leticia/5RO11/voice_emotion/data/raw/emodb/wav/13a02Nc.wav,13a02Nc.wav,13,32,female,a02,N,neutral,c
/home/leticia/5RO11/voice_emotion/data/raw/emodb/wav/13a02Ta.wav,13a02Ta.wav,13,32,female,a02,T,sadness,a
/home/leticia/5RO11/voice_emotion/data/raw/emodb/wav/13a02Wa.wav,13a02Wa.wav,13,32,female,a02,W,anger,a
/home/leticia/5RO11/voice_emotion/data/raw/emodb/wav/13a04Ac.wav,13a04Ac.wav,13,32,female,a04,A,fear,c
/home/leticia/5RO11/voice_emotion/data/raw/emodb/wav/13a04Fc.wav,13a04Fc.wav,13,32,female,a04,F,happiness,c
/home/leticia/5RO11/voice_emotion/data/raw/emodb/wav/13a04Lb.wav,13a04Lb.wav,13,32,female,a04,L,boredom,b
/home/leticia/5RO11/voice_emotion/data/raw/emodb/wav/13a04Ta.wav,13a04Ta.wav,13,32,female,a04,T,sadness,a
/home/leticia/5RO11/voice_emotion/data/raw/emodb/wav/13a04Wc.wav,13a04Wc.wav,13,32,female,a04,W,anger,c
/home/leticia/5RO11/voice_emotion/data/raw/emodb/wav/13a05Aa.wav,13a05Aa.wav,13,32,female,a05,A,fear,a
/home/leticia/5RO11/voice_emotion/data/raw/emodb/wav/13a05Ea.wav,13a05Ea.wav,13,32,female,a05,E,disgust,a
/home/leticia/5RO11/voice_emotion/data/raw/emodb/wav/13a05Lc.wav,13a05Lc.wav,13,32,female,a05,L,boredom,c
/home/leticia/5RO11/voice_emotion/data/raw/emodb/wav/13a05Nb.wav,13a05Nb.wav,13,32,female,a05,N,neutral,b
/home/leticia/5RO11/voice_emotion/data/raw/emodb/wav/13a05Tc.wav,13a05Tc.wav,13,32,female,a05,T,sadness,c
/home/leticia/5RO11/voice_emotion/data/raw/emodb/wav/13a05Wa.wav,13a05Wa.wav,13,32,female,a05,W,anger,a
/home/leticia/5RO11/voice_emotion/data/raw/emodb/wav/13a05Wc.wav,13a05Wc.wav,13,32,female,a05,W,anger,c
/home/leticia/5RO11/voice_emotion/data/raw/emodb/wav/13a07Fd.wav,13a07Fd.wav,13,32,female,a07,F,happiness,d
/home/leticia/5RO11/voice_emotion/data/raw/emodb/wav/13a07Lb.wav,13a07Lb.wav,13,32,female,a07,L,boredom,b
/home/leticia/5RO11/voice_emotion/data/raw/emodb/wav/13a07Na.wav,13a07Na.wav,13,32,female,a07,N,neutral,a
/home/leticia/5RO11/voice_emotion/data/raw/emodb/wav/13a07Tc.wav,13a07Tc.wav,13,32,female,a07,T,sadness,c
/home/leticia/5RO11/voice_emotion/data/raw/emodb/wav/13a07Wb.wav,13a07Wb.wav,13,32,female,a07,W,anger,b
/home/leticia/5RO11/voice_emotion/data/raw/emodb/wav/13b01Ab.wav,13b01Ab.wav,13,32,female,b01,A,fear,b
/home/leticia/5RO11/voice_emotion/data/raw/emodb/wav/13b01Ec.wav,13b01Ec.wav,13,32,female,b01,E,disgust,c
/home/leticia/5RO11/voice_emotion/data/raw/emodb/wav/13b01Fc.wav,13b01Fc.wav,13,32,female,b01,F,happiness,c
/home/leticia/5RO11/voice_emotion/data/raw/emodb/wav/13b01Ld.wav,13b01Ld.wav,13,32,female,b01,L,boredom,d
/home/leticia/5RO11/voice_emotion/data/raw/emodb/wav/13b01Nc.wav,13b01Nc.wav,13,32,female,b01,N,neutral,c
/home/leticia/5RO11/voice_emotion/data/raw/emodb/wav/13b01Wa.wav,13b01Wa.wav,13,32,female,b01,W,anger,a
/home/leticia/5RO11/voice_emotion/data/raw/emodb/wav/13b02Fb.wav,13b02Fb.wav,13,32,female,b02,F,happiness,b
/home/leticia/5RO11/voice_emotion/data/raw/emodb/wav/13b02Lc.wav,13b02Lc.wav,13,32,female,b02,L,boredom,c
/home/leticia/5RO11/voice_emotion/data/raw/emodb/wav/13b02Nb.wav,13b02Nb.wav,13,32,female,b02,N,neutral,b
/home/leticia/5RO11/voice_emotion/data/raw/emodb/wav/13b02Wa.wav,13b02Wa.wav,13,32,female,b02,W,anger,a
/home/leticia/5RO11/voice_emotion/data/raw/emodb/wav/13b03Ac.wav,13b03Ac.wav,13,32,female,b03,A,fear,c
/home/leticia/5RO11/voice_emotion/data/raw/emodb/wav/13b03Ed.wav,13b03Ed.wav,13,32,female,b03,E,disgust,d
/home/leticia/5RO11/voice_emotion/data/raw/emodb/wav/13b03Fd.wav,13b03Fd.wav,13,32,female,b03,F,happiness,d
/home/leticia/5RO11/voice_emotion/data/raw/emodb/wav/13b03Lb.wav,13b03Lb.wav,13,32,female,b03,L,boredom,b
/home/leticia/5RO11/voice_emotion/data/raw/emodb/wav/13b03Na.wav,13b03Na.wav,13,32,female,b03,N,neutral,a
/home/leticia/5RO11/voice_emotion/data/raw/emodb/wav/13b03Td.wav,13b03Td.wav,13,32,female,b03,T,sadness,d
/home/leticia/5RO11/voice_emotion/data/raw/emodb/wav/13b03Wc.wav,13b03Wc.wav,13,32,female,b03,W,anger,c
/home/leticia/5RO11/voice_emotion/data/raw/emodb/wav/13b09Ab.wav,13b09Ab.wav,13,32,female,b09,A,fear,b
/home/leticia/5RO11/voice_emotion/data/raw/emodb/wav/13b09Ec.wav,13b09Ec.wav,13,32,female,b09,E,disgust,c
/home/leticia/5RO11/voice_emotion/data/raw/emodb/wav/13b09Fb.wav,13b09Fb.wav,13,32,female,b09,F,happiness,b
/home/leticia/5RO11/voice_emotion/data/raw/emodb/wav/13b09Fc.wav,13b09Fc.wav,13,32,female,b09,F,happiness,c
/home/leticia/5RO11/voice_emotion/data/raw/emodb/wav/13b09La.wav,13b09La.wav,13,32,female,b09,L,boredom,a
/home/leticia/5RO11/voice_emotion/data/raw/emodb/wav/13b09Na.wav,13b09Na.wav,13,32,female,b09,N,neutral,a
/home/leticia/5RO11/voice_emotion/data/raw/emodb/wav/13b09Wa.wav,13b09Wa.wav,13,32,female,b09,W,anger,a
/home/leticia/5RO11/voice_emotion/data/raw/emodb/wav/13b10Ec.wav,13b10Ec.wav,13,32,female,b10,E,disgust,c
/home/leticia/5RO11/voice_emotion/data/raw/emodb/wav/13b10Fa.wav,13b10Fa.wav,13,32,female,b10,F,happiness,a
/home/leticia/5RO11/voice_emotion/data/raw/emodb/wav/13b10La.wav,13b10La.wav,13,32,female,b10,L,boredom,a
/home/leticia/5RO11/voice_emotion/data/raw/emodb/wav/13b10Nc.wav,13b10Nc.wav,13,32,female,b10,N,neutral,c
/home/leticia/5RO11/voice_emotion/data/raw/emodb/wav/13b10Wa.wav,13b10Wa.wav,13,32,female,b10,W,anger,a
/home/leticia/5RO11/voice_emotion/data/raw/emodb/wav/13b10Wc.wav,13b10Wc.wav,13,32,female,b10,W,anger,c
/home/leticia/5RO11/voice_emotion/data/raw/emodb/wav/14a01Aa.wav,14a01Aa.wav,14,35,female,a01,A,fear,a
/home/leticia/5RO11/voice_emotion/data/raw/emodb/wav/14a01Ac.wav,14a01Ac.wav,14,35,female,a01,A,fear,c
/home/leticia/5RO11/voice_emotion/data/raw/emodb/wav/14a01Ea.wav,14a01Ea.wav,14,35,female,a01,E,disgust,a
/home/leticia/5RO11/voice_emotion/data/raw/emodb/wav/14a01Na.wav,14a01Na.wav,14,35,female,a01,N,neutral,a
/home/leticia/5RO11/voice_emotion/data/raw/emodb/wav/14a01Wa.wav,14a01Wa.wav,14,35,female,a01,W,anger,a
/home/leticia/5RO11/voice_emotion/data/raw/emodb/wav/14a01Wc.wav,14a01Wc.wav,14,35,female,a01,W,anger,c
/home/leticia/5RO11/voice_emotion/data/raw/emodb/wav/14a02Ab.wav,14a02Ab.wav,14,35,female,a02,A,fear,b
/home/leticia/5RO11/voice_emotion/data/raw/emodb/wav/14a02Ea.wav,14a02Ea.wav,14,35,female,a02,E,disgust,a
/home/leticia/5RO11/voice_emotion/data/raw/emodb/wav/14a02Fd.wav,14a02Fd.wav,14,35,female,a02,F,happiness,d
/home/leticia/5RO11/voice_emotion/data/raw/emodb/wav/14a02La.wav,14a02La.wav,14,35,female,a02,L,boredom,a
/home/leticia/5RO11/voice_emotion/data/raw/emodb/wav/14a02Nc.wav,14a02Nc.wav,14,35,female,a02,N,neutral,c
/home/leticia/5RO11/voice_emotion/data/raw/emodb/wav/14a02Tb.wav,14a02Tb.wav,14,35,female,a02,T,sadness,b
/home/leticia/5RO11/voice_emotion/data/raw/emodb/wav/14a02Wa.wav,14a02Wa.wav,14,35,female,a02,W,anger,a
/home/leticia/5RO11/voice_emotion/data/raw/emodb/wav/14a02Wc.wav,14a02Wc.wav,14,35,female,a02,W,anger,c
/home/leticia/5RO11/voice_emotion/data/raw/emodb/wav/14a04Aa.wav,14a04Aa.wav,14,35,female,a04,A,fear,a
/home/leticia/5RO11/voice_emotion/data/raw/emodb/wav/14a04Ed.wav,14a04Ed.wav,14,35,female,a04,E,disgust,d
/home/leticia/5RO11/voice_emotion/data/raw/emodb/wav/14a04Lb.wav,14a04Lb.wav,14,35,female,a04,L,boredom,b
/home/leticia/5RO11/voice_emotion/data/raw/emodb/wav/14a04Tb.wav,14a04Tb.wav,14,35,female,a04,T,sadness,b
/home/leticia/5RO11/voice_emotion/data/raw/emodb/wav/14a04Tc.wav,14a04Tc.wav,14,35,female,a04,T,sadness,c
/home/leticia/5RO11/voice_emotion/data/raw/emodb/wav/14a04Wb.wav,14a04Wb.wav,14,35,female,a04,W,anger,b
/home/leticia/5RO11/voice_emotion/data/raw/emodb/wav/14a04Wc.wav,14a04Wc.wav,14,35,female,a04,W,anger,c
/home/leticia/5RO11/voice_emotion/data/raw/emodb/wav/14a05Aa.wav,14a05Aa.wav,14,35,female,a05,A,fear,a
/home/leticia/5RO11/voice_emotion/data/raw/emodb/wav/14a05Ac.wav,14a05Ac.wav,14,35,female,a05,A,fear,c
/home/leticia/5RO11/voice_emotion/data/raw/emodb/wav/14a05Fa.wav,14a05Fa.wav,14,35,female,a05,F,happiness,a
/home/leticia/5RO11/voice_emotion/data/raw/emodb/wav/14a05Fb.wav,14a05Fb.wav,14,35,female,a05,F,happiness,b
/home/leticia/5RO11/voice_emotion/data/raw/emodb/wav/14a05Lb.wav,14a05Lb.wav,14,35,female,a05,L,boredom,b
/home/leticia/5RO11/voice_emotion/data/raw/emodb/wav/14a05Na.wav,14a05Na.wav,14,35,female,a05,N,neutral,a
/home/leticia/5RO11/voice_emotion/data/raw/emodb/wav/14a05Ta.wav,14a05Ta.wav,14,35,female,a05,T,sadness,a
/home/leticia/5RO11/voice_emotion/data/raw/emodb/wav/14a05Tc.wav,14a05Tc.wav,14,35,female,a05,T,sadness,c
/home/leticia/5RO11/voice_emotion/data/raw/emodb/wav/14a05Wa.wav,14a05Wa.wav,14,35,female,a05,W,anger,a
/home/leticia/5RO11/voice_emotion/data/raw/emodb/wav/14a05Wb.wav,14a05Wb.wav,14,35,female,a05,W,anger,b
/home/leticia/5RO11/voice_emotion/data/raw/emodb/wav/14a07Aa.wav,14a07Aa.wav,14,35,female,a07,A,fear,a
/home/leticia/5RO11/voice_emotion/data/raw/emodb/wav/14a07Eb.wav,14a07Eb.wav,14,35,female,a07,E,disgust,b
/home/leticia/5RO11/voice_emotion/data/raw/emodb/wav/14a07Fd.wav,14a07Fd.wav,14,35,female,a07,F,happiness,d
/home/leticia/5RO11/voice_emotion/data/raw/emodb/wav/14a07Lc.wav,14a07Lc.wav,14,35,female,a07,L,boredom,c
/home/leticia/5RO11/voice_emotion/data/raw/emodb/wav/14a07Ld.wav,14a07Ld.wav,14,35,female,a07,L,boredom,d
/home/leticia/5RO11/voice_emotion/data/raw/emodb/wav/14a07Na.wav,14a07Na.wav,14,35,female,a07,N,neutral,a
/home/leticia/5RO11/voice_emotion/data/raw/emodb/wav/14a07Tc.wav,14a07Tc.wav,14,35,female,a07,T,sadness,c
/home/leticia/5RO11/voice_emotion/data/raw/emodb/wav/14a07Wc.wav,14a07Wc.wav,14,35,female,a07,W,anger,c
/home/leticia/5RO11/voice_emotion/data/raw/emodb/wav/14b01Ac.wav,14b01Ac.wav,14,35,female,b01,A,fear,c
/home/leticia/5RO11/voice_emotion/data/raw/emodb/wav/14b01Eb.wav,14b01Eb.wav,14,35,female,b01,E,disgust,b
/home/leticia/5RO11/voice_emotion/data/raw/emodb/wav/14b01Fa.wav,14b01Fa.wav,14,35,female,b01,F,happiness,a
/home/leticia/5RO11/voice_emotion/data/raw/emodb/wav/14b01Fc.wav,14b01Fc.wav,14,35,female,b01,F,happiness,c
/home/leticia/5RO11/voice_emotion/data/raw/emodb/wav/14b01Na.wav,14b01Na.wav,14,35,female,b01,N,neutral,a
/home/leticia/5RO11/voice_emotion/data/raw/emodb/wav/14b01Wc.wav,14b01Wc.wav,14,35,female,b01,W,anger,c
/home/leticia/5RO11/voice_emotion/data/raw/emodb/wav/14b02Aa.wav,14b02Aa.wav,14,35,female,b02,A,fear,a
/home/leticia/5RO11/voice_emotion/data/raw/emodb/wav/14b02Fb.wav,14b02Fb.wav,14,35,female,b02,F,happiness,b
/home/leticia/5RO11/voice_emotion/data/raw/emodb/wav/14b02Na.wav,14b02Na.wav,14,35,female,b02,N,neutral,a
/home/leticia/5RO11/voice_emotion/data/raw/emodb/wav/14b02Tc.wav,14b02Tc.wav,14,35,female,b02,T,sadness,c
/home/leticia/5RO11/voice_emotion/data/raw/emodb/wav/14b02Wb.wav,14b02Wb.wav,14,35,female,b02,W,anger,b
/home/leticia/5RO11/voice_emotion/data/raw/emodb/wav/14b02Wd.wav,14b02Wd.wav,14,35,female,b02,W,anger,d
/home/leticia/5RO11/voice_emotion/data/raw/emodb/wav/14b03Ad.wav,14b03Ad.wav,14,35,female,b03,A,fear,d
/home/leticia/5RO11/voice_emotion/data/raw/emodb/wav/14b03Ed.wav,14b03Ed.wav,14,35,female,b03,E,disgust,d
/home/leticia/5RO11/voice_emotion/data/raw/emodb/wav/14b03Lb.wav,14b03Lb.wav,14,35,female,b03,L,boredom,b
/home/leticia/5RO11/voice_emotion/data/raw/emodb/wav/14b03Ta.wav,14b03Ta.wav,14,35,female,b03,T,sadness,a
/home/leticia/5RO11/voice_emotion/data/raw/emodb/wav/14b03Wb.wav,14b03Wb.wav,14,35,female,b03,W,anger,b
/home/leticia/5RO11/voice_emotion/data/raw/emodb/wav/14b09Ac.wav,14b09Ac.wav,14,35,female,b09,A,fear,c
/home/leticia/5RO11/voice_emotion/data/raw/emodb/wav/14b09Ea.wav,14b09Ea.wav,14,35,female,b09,E,disgust,a
/home/leticia/5RO11/voice_emotion/data/raw/emodb/wav/14b09Fc.wav,14b09Fc.wav,14,35,female,b09,F,happiness,c
/home/leticia/5RO11/voice_emotion/data/raw/emodb/wav/14b09Lb.wav,14b09Lb.wav,14,35,female,b09,L,boredom,b
/home/leticia/5RO11/voice_emotion/data/raw/emodb/wav/14b09Td.wav,14b09Td.wav,14,35,female,b09,T,sadness,d
/home/leticia/5RO11/voice_emotion/data/raw/emodb/wav/14b09Wa.wav,14b09Wa.wav,14,35,female,b09,W,anger,a
/home/leticia/5RO11/voice_emotion/data/raw/emodb/wav/14b09Wc.wav,14b09Wc.wav,14,35,female,b09,W,anger,c
/home/leticia/5RO11/voice_emotion/data/raw/emodb/wav/14b10Ad.wav,14b10Ad.wav,14,35,female,b10,A,fear,d
/home/leticia/5RO11/voice_emotion/data/raw/emodb/wav/14b10Eb.wav,14b10Eb.wav,14,35,female,b10,E,disgust,b
/home/leticia/5RO11/voice_emotion/data/raw/emodb/wav/14b10Lb.wav,14b10Lb.wav,14,35,female,b10,L,boredom,b
/home/leticia/5RO11/voice_emotion/data/raw/emodb/wav/14b10Nb.wav,14b10Nb.wav,14,35,female,b10,N,neutral,b
/home/leticia/5RO11/voice_emotion/data/raw/emodb/wav/14b10Tc.wav,14b10Tc.wav,14,35,female,b10,T,sadness,c
/home/leticia/5RO11/voice_emotion/data/raw/emodb/wav/14b10Wc.wav,14b10Wc.wav,14,35,female,b10,W,anger,c
/home/leticia/5RO11/voice_emotion/data/raw/emodb/wav/15a01Ea.wav,15a01Ea.wav,15,25,male,a01,E,disgust,a
/home/leticia/5RO11/voice_emotion/data/raw/emodb/wav/15a01Fb.wav,15a01Fb.wav,15,25,male,a01,F,happiness,b
/home/leticia/5RO11/voice_emotion/data/raw/emodb/wav/15a01La.wav,15a01La.wav,15,25,male,a01,L,boredom,a
/home/leticia/5RO11/voice_emotion/data/raw/emodb/wav/15a01Nb.wav,15a01Nb.wav,15,25,male,a01,N,neutral,b
/home/leticia/5RO11/voice_emotion/data/raw/emodb/wav/15a01Wa.wav,15a01Wa.wav,15,25,male,a01,W,anger,a
/home/leticia/5RO11/voice_emotion/data/raw/emodb/wav/15a02Ac.wav,15a02Ac.wav,15,25,male,a02,A,fear,c
/home/leticia/5RO11/voice_emotion/data/raw/emodb/wav/15a02Ea.wav,15a02Ea.wav,15,25,male,a02,E,disgust,a
/home/leticia/5RO11/voice_emotion/data/raw/emodb/wav/15a02La.wav,15a02La.wav,15,25,male,a02,L,boredom,a
/home/leticia/5RO11/voice_emotion/data/raw/emodb/wav/15a02Na.wav,15a02Na.wav,15,25,male,a02,N,neutral,a
/home/leticia/5RO11/voice_emotion/data/raw/emodb/wav/15a02Ta.wav,15a02Ta.wav,15,25,male,a02,T,sadness,a
/home/leticia/5RO11/voice_emotion/data/raw/emodb/wav/15a02Wb.wav,15a02Wb.wav,15,25,male,a02,W,anger,b
/home/leticia/5RO11/voice_emotion/data/raw/emodb/wav/15a02Wd.wav,15a02Wd.wav,15,25,male,a02,W,anger,d
/home/leticia/5RO11/voice_emotion/data/raw/emodb/wav/15a04Ab.wav,15a04Ab.wav,15,25,male,a04,A,fear,b
/home/leticia/5RO11/voice_emotion/data/raw/emodb/wav/15a04Ac.wav,15a04Ac.wav,15,25,male,a04,A,fear,c
/home/leticia/5RO11/voice_emotion/data/raw/emodb/wav/15a04Fd.wav,15a04Fd.wav,15,25,male,a04,F,happiness,d
/home/leticia/5RO11/voice_emotion/data/raw/emodb/wav/15a04Nc.wav,15a04Nc.wav,15,25,male,a04,N,neutral,c
/home/leticia/5RO11/voice_emotion/data/raw/emodb/wav/15a04Wa.wav,15a04Wa.wav,15,25,male,a04,W,anger,a
/home/leticia/5RO11/voice_emotion/data/raw/emodb/wav/15a04Wb.wav,15a04Wb.wav,15,25,male,a04,W,anger,b
/home/leticia/5RO11/voice_emotion/data/raw/emodb/wav/15a05Eb.wav,15a05Eb.wav,15,25,male,a05,E,disgust,b
/home/leticia/5RO11/voice_emotion/data/raw/emodb/wav/15a05Fb.wav,15a05Fb.wav,15,25,male,a05,F,happiness,b
/home/leticia/5RO11/voice_emotion/data/raw/emodb/wav/15a05Lb.wav,15a05Lb.wav,15,25,male,a05,L,boredom,b
/home/leticia/5RO11/voice_emotion/data/raw/emodb/wav/15a05Na.wav,15a05Na.wav,15,25,male,a05,N,neutral,a
/home/leticia/5RO11/voice_emotion/data/raw/emodb/wav/15a05Wa.wav,15a05Wa.wav,15,25,male,a05,W,anger,a
/home/leticia/5RO11/voice_emotion/data/raw/emodb/wav/15a07Ac.wav,15a07Ac.wav,15,25,male,a07,A,fear,c
/home/leticia/5RO11/voice_emotion/data/raw/emodb/wav/15a07Eb.wav,15a07Eb.wav,15,25,male,a07,E,disgust,b
/home/leticia/5RO11/voice_emotion/data/raw/emodb/wav/15a07Fa.wav,15a07Fa.wav,15,25,male,a07,F,happiness,a
/home/leticia/5RO11/voice_emotion/data/raw/emodb/wav/15a07Fb.wav,15a07Fb.wav,15,25,male,a07,F,happiness,b
/home/leticia/5RO11/voice_emotion/data/raw/emodb/wav/15a07Ld.wav,15a07Ld.wav,15,25,male,a07,L,boredom,d
/home/leticia/5RO11/voice_emotion/data/raw/emodb/wav/15a07Nc.wav,15a07Nc.wav,15,25,male,a07,N,neutral,c
/home/leticia/5RO11/voice_emotion/data/raw/emodb/wav/15b01Ec.wav,15b01Ec.wav,15,25,male,b01,E,disgust,c
/home/leticia/5RO11/voice_emotion/data/raw/emodb/wav/15b01Lb.wav,15b01Lb.wav,15,25,male,b01,L,boredom,b
/home/leticia/5RO11/voice_emotion/data/raw/emodb/wav/15b01Na.wav,15b01Na.wav,15,25,male,b01,N,neutral,a
/home/leticia/5RO11/voice_emotion/data/raw/emodb/wav/15b01Wc.wav,15b01Wc.wav,15,25,male,b01,W,anger,c
/home/leticia/5RO11/voice_emotion/data/raw/emodb/wav/15b02Aa.wav,15b02Aa.wav,15,25,male,b02,A,fear,a
/home/leticia/5RO11/voice_emotion/data/raw/emodb/wav/15b02Lb.wav,15b02Lb.wav,15,25,male,b02,L,boredom,b
/home/leticia/5RO11/voice_emotion/data/raw/emodb/wav/15b02Nd.wav,15b02Nd.wav,15,25,male,b02,N,neutral,d
/home/leticia/5RO11/voice_emotion/data/raw/emodb/wav/15b02Tc.wav,15b02Tc.wav,15,25,male,b02,T,sadness,c
/home/leticia/5RO11/voice_emotion/data/raw/emodb/wav/15b02Wa.wav,15b02Wa.wav,15,25,male,b02,W,anger,a
/home/leticia/5RO11/voice_emotion/data/raw/emodb/wav/15b02Wc.wav,15b02Wc.wav,15,25,male,b02,W,anger,c
/home/leticia/5RO11/voice_emotion/data/raw/emodb/wav/15b03Aa.wav,15b03Aa.wav,15,25,male,b03,A,fear,a
/home/leticia/5RO11/voice_emotion/data/raw/emodb/wav/15b03Lc.wav,15b03Lc.wav,15,25,male,b03,L,boredom,c
/home/leticia/5RO11/voice_emotion/data/raw/emodb/wav/15b03Nb.wav,15b03Nb.wav,15,25,male,b03,N,neutral,b
/home/leticia/5RO11/voice_emotion/data/raw/emodb/wav/15b03Tc.wav,15b03Tc.wav,15,25,male,b03,T,sadness,c
/home/leticia/5RO11/voice_emotion/data/raw/emodb/wav/15b03Wa.wav,15b03Wa.wav,15,25,male,b03,W,anger,a
/home/leticia/5RO11/voice_emotion/data/raw/emodb/wav/15b03Wb.wav,15b03Wb.wav,15,25,male,b03,W,anger,b
/home/leticia/5RO11/voice_emotion/data/raw/emodb/wav/15b09Ac.wav,15b09Ac.wav,15,25,male,b09,A,fear,c
/home/leticia/5RO11/voice_emotion/data/raw/emodb/wav/15b09Fa.wav,15b09Fa.wav,15,25,male,b09,F,happiness,a
/home/leticia/5RO11/voice_emotion/data/raw/emodb/wav/15b09La.wav,15b09La.wav,15,25,male,b09,L,boredom,a
/home/leticia/5RO11/voice_emotion/data/raw/emodb/wav/15b09Nb.wav,15b09Nb.wav,15,25,male,b09,N,neutral,b
/home/leticia/5RO11/voice_emotion/data/raw/emodb/wav/15b09Ta.wav,15b09Ta.wav,15,25,male,b09,T,sadness,a
/home/leticia/5RO11/voice_emotion/data/raw/emodb/wav/15b09Wb.wav,15b09Wb.wav,15,25,male,b09,W,anger,b
/home/leticia/5RO11/voice_emotion/data/raw/emodb/wav/15b10Ac.wav,15b10Ac.wav,15,25,male,b10,A,fear,c
/home/leticia/5RO11/voice_emotion/data/raw/emodb/wav/15b10Lc.wav,15b10Lc.wav,15,25,male,b10,L,boredom,c
/home/leticia/5RO11/voice_emotion/data/raw/emodb/wav/15b10Nb.wav,15b10Nb.wav,15,25,male,b10,N,neutral,b
/home/leticia/5RO11/voice_emotion/data/raw/emodb/wav/15b10Nc.wav,15b10Nc.wav,15,25,male,b10,N,neutral,c
/home/leticia/5RO11/voice_emotion/data/raw/emodb/wav/15b10Wa.wav,15b10Wa.wav,15,25,male,b10,W,anger,a
/home/leticia/5RO11/voice_emotion/data/raw/emodb/wav/16a01Ec.wav,16a01Ec.wav,16,31,female,a01,E,disgust,c
/home/leticia/5RO11/voice_emotion/data/raw/emodb/wav/16a01Fc.wav,16a01Fc.wav,16,31,female,a01,F,happiness,c
/home/leticia/5RO11/voice_emotion/data/raw/emodb/wav/16a01Lb.wav,16a01Lb.wav,16,31,female,a01,L,boredom,b
/home/leticia/5RO11/voice_emotion/data/raw/emodb/wav/16a01Nc.wav,16a01Nc.wav,16,31,female,a01,N,neutral,c
/home/leticia/5RO11/voice_emotion/data/raw/emodb/wav/16a01Tb.wav,16a01Tb.wav,16,31,female,a01,T,sadness,b
/home/leticia/5RO11/voice_emotion/data/raw/emodb/wav/16a01Wb.wav,16a01Wb.wav,16,31,female,a01,W,anger,b
/home/leticia/5RO11/voice_emotion/data/raw/emodb/wav/16a02Ea.wav,16a02Ea.wav,16,31,female,a02,E,disgust,a
/home/leticia/5RO11/voice_emotion/data/raw/emodb/wav/16a02Ec.wav,16a02Ec.wav,16,31,female,a02,E,disgust,c
/home/leticia/5RO11/voice_emotion/data/raw/emodb/wav/16a02Lb.wav,16a02Lb.wav,16,31,female,a02,L,boredom,b
/home/leticia/5RO11/voice_emotion/data/raw/emodb/wav/16a02Nb.wav,16a02Nb.wav,16,31,female,a02,N,neutral,b
/home/leticia/5RO11/voice_emotion/data/raw/emodb/wav/16a02Tc.wav,16a02Tc.wav,16,31,female,a02,T,sadness,c
/home/leticia/5RO11/voice_emotion/data/raw/emodb/wav/16a02Wb.wav,16a02Wb.wav,16,31,female,a02,W,anger,b
/home/leticia/5RO11/voice_emotion/data/raw/emodb/wav/16a04Ab.wav,16a04Ab.wav,16,31,female,a04,A,fear,b
/home/leticia/5RO11/voice_emotion/data/raw/emodb/wav/16a04Ea.wav,16a04Ea.wav,16,31,female,a04,E,disgust,a
/home/leticia/5RO11/voice_emotion/data/raw/emodb/wav/16a04Fa.wav,16a04Fa.wav,16,31,female,a04,F,happiness,a
/home/leticia/5RO11/voice_emotion/data/raw/emodb/wav/16a04La.wav,16a04La.wav,16,31,female,a04,L,boredom,a
/home/leticia/5RO11/voice_emotion/data/raw/emodb/wav/16a04Lc.wav,16a04Lc.wav,16,31,female,a04,L,boredom,c
/home/leticia/5RO11/voice_emotion/data/raw/emodb/wav/16a04Nc.wav,16a04Nc.wav,16,31,female,a04,N,neutral,c
/home/leticia/5RO11/voice_emotion/data/raw/emodb/wav/16a04Tc.wav,16a04Tc.wav,16,31,female,a04,T,sadness,c
/home/leticia/5RO11/voice_emotion/data/raw/emodb/wav/16a04Wb.wav,16a04Wb.wav,16,31,female,a04,W,anger,b
/home/leticia/5RO11/voice_emotion/data/raw/emodb/wav/16a04Wc.wav,16a04Wc.wav,16,31,female,a04,W,anger,c
/home/leticia/5RO11/voice_emotion/data/raw/emodb/wav/16a05Ab.wav,16a05Ab.wav,16,31,female,a05,A,fear,b
/home/leticia/5RO11/voice_emotion/data/raw/emodb/wav/16a05Ea.wav,16a05Ea.wav,16,31,female,a05,E,disgust,a
/home/leticia/5RO11/voice_emotion/data/raw/emodb/wav/16a05Fc.wav,16a05Fc.wav,16,31,female,a05,F,happiness,c
/home/leticia/5RO11/voice_emotion/data/raw/emodb/wav/16a05La.wav,16a05La.wav,16,31,female,a05,L,boredom,a
/home/leticia/5RO11/voice_emotion/data/raw/emodb/wav/16a05Tb.wav,16a05Tb.wav,16,31,female,a05,T,sadness,b
/home/leticia/5RO11/voice_emotion/data/raw/emodb/wav/16a05Wb.wav,16a05Wb.wav,16,31,female,a05,W,anger,b
/home/leticia/5RO11/voice_emotion/data/raw/emodb/wav/16a05Wc.wav,16a05Wc.wav,16,31,female,a05,W,anger,c
/home/leticia/5RO11/voice_emotion/data/raw/emodb/wav/16a07Ea.wav,16a07Ea.wav,16,31,female,a07,E,disgust,a
/home/leticia/5RO11/voice_emotion/data/raw/emodb/wav/16a07Fa.wav,16a07Fa.wav,16,31,female,a07,F,happiness,a
/home/leticia/5RO11/voice_emotion/data/raw/emodb/wav/16a07Fb.wav,16a07Fb.wav,16,31,female,a07,F,happiness,b
/home/leticia/5RO11/voice_emotion/data/raw/emodb/wav/16a07La.wav,16a07La.wav,16,31,female,a07,L,boredom,a
/home/leticia/5RO11/voice_emotion/data/raw/emodb/wav/16a07Lb.wav,16a07Lb.wav,16,31,female,a07,L,boredom,b
/home/leticia/5RO11/voice_emotion/data/raw/emodb/wav/16a07Nb.wav,16a07Nb.wav,16,31,female,a07,N,neutral,b
/home/leticia/5RO11/voice_emotion/data/raw/emodb/wav/16a07Td.wav,16a07Td.wav,16,31,female,a07,T,sadness,d
/home/leticia/5RO11/voice_emotion/data/raw/emodb/wav/16a07Wa.wav,16a07Wa.wav,16,31,female,a07,W,anger,a
/home/leticia/5RO11/voice_emotion/data/raw/emodb/wav/16b01Aa.wav,16b01Aa.wav,16,31,female,b01,A,fear,a
/home/leticia/5RO11/voice_emotion/data/raw/emodb/wav/16b01Eb.wav,16b01Eb.wav,16,31,female,b01,E,disgust,b
/home/leticia/5RO11/voice_emotion/data/raw/emodb/wav/16b01Fa.wav,16b01Fa.wav,16,31,female,b01,F,happiness,a
/home/leticia/5RO11/voice_emotion/data/raw/emodb/wav/16b01La.wav,16b01La.wav,16,31,female,b01,L,boredom,a
/home/leticia/5RO11/voice_emotion/data/raw/emodb/wav/16b01Lc.wav,16b01Lc.wav,16,31,female,b01,L,boredom,c
/home/leticia/5RO11/voice_emotion/data/raw/emodb/wav/16b01Tb.wav,16b01Tb.wav,16,31,female,b01,T,sadness,b
/home/leticia/5RO11/voice_emotion/data/raw/emodb/wav/16b01Wa.wav,16b01Wa.wav,16,31,female,b01,W,anger,a
/home/leticia/5RO11/voice_emotion/data/raw/emodb/wav/16b01Wb.wav,16b01Wb.wav,16,31,female,b01,W,anger,b
/home/leticia/5RO11/voice_emotion/data/raw/emodb/wav/16b02Aa.wav,16b02Aa.wav,16,31,female,b02,A,fear,a
/home/leticia/5RO11/voice_emotion/data/raw/emodb/wav/16b02Eb.wav,16b02Eb.wav,16,31,female,b02,E,disgust,b
/home/leticia/5RO11/voice_emotion/data/raw/emodb/wav/16b02Fd.wav,16b02Fd.wav,16,31,female,b02,F,happiness,d
/home/leticia/5RO11/voice_emotion/data/raw/emodb/wav/16b02Lb.wav,16b02Lb.wav,16,31,female,b02,L,boredom,b
/home/leticia/5RO11/voice_emotion/data/raw/emodb/wav/16b02Wb.wav,16b02Wb.wav,16,31,female,b02,W,anger,b
/home/leticia/5RO11/voice_emotion/data/raw/emodb/wav/16b03Ad.wav,16b03Ad.wav,16,31,female,b03,A,fear,d
/home/leticia/5RO11/voice_emotion/data/raw/emodb/wav/16b03Ea.wav,16b03Ea.wav,16,31,female,b03,E,disgust,a
/home/leticia/5RO11/voice_emotion/data/raw/emodb/wav/16b03Fa.wav,16b03Fa.wav,16,31,female,b03,F,happiness,a
/home/leticia/5RO11/voice_emotion/data/raw/emodb/wav/16b03Fd.wav,16b03Fd.wav,16,31,female,b03,F,happiness,d
/home/leticia/5RO11/voice_emotion/data/raw/emodb/wav/16b03La.wav,16b03La.wav,16,31,female,b03,L,boredom,a
/home/leticia/5RO11/voice_emotion/data/raw/emodb/wav/16b03Nb.wav,16b03Nb.wav,16,31,female,b03,N,neutral,b
/home/leticia/5RO11/voice_emotion/data/raw/emodb/wav/16b03Ta.wav,16b03Ta.wav,16,31,female,b03,T,sadness,a
/home/leticia/5RO11/voice_emotion/data/raw/emodb/wav/16b03Wb.wav,16b03Wb.wav,16,31,female,b03,W,anger,b
/home/leticia/5RO11/voice_emotion/data/raw/emodb/wav/16b09Ab.wav,16b09Ab.wav,16,31,female,b09,A,fear,b
/home/leticia/5RO11/voice_emotion/data/raw/emodb/wav/16b09Eb.wav,16b09Eb.wav,16,31,female,b09,E,disgust,b
/home/leticia/5RO11/voice_emotion/data/raw/emodb/wav/16b09Fb.wav,16b09Fb.wav,16,31,female,b09,F,happiness,b
/home/leticia/5RO11/voice_emotion/data/raw/emodb/wav/16b09La.wav,16b09La.wav,16,31,female,b09,L,boredom,a
/home/leticia/5RO11/voice_emotion/data/raw/emodb/wav/16b09Lb.wav,16b09Lb.wav,16,31,female,b09,L,boredom,b
/home/leticia/5RO11/voice_emotion/data/raw/emodb/wav/16b09Wb.wav,16b09Wb.wav,16,31,female,b09,W,anger,b
/home/leticia/5RO11/voice_emotion/data/raw/emodb/wav/16b10Aa.wav,16b10Aa.wav,16,31,female,b10,A,fear,a
/home/leticia/5RO11/voice_emotion/data/raw/emodb/wav/16b10Eb.wav,16b10Eb.wav,16,31,female,b10,E,disgust,b
/home/leticia/5RO11/voice_emotion/data/raw/emodb/wav/16b10Fb.wav,16b10Fb.wav,16,31,female,b10,F,happiness,b
/home/leticia/5RO11/voice_emotion/data/raw/emodb/wav/16b10Lb.wav,16b10Lb.wav,16,31,female,b10,L,boredom,b
/home/leticia/5RO11/voice_emotion/data/raw/emodb/wav/16b10Tb.wav,16b10Tb.wav,16,31,female,b10,T,sadness,b
/home/leticia/5RO11/voice_emotion/data/raw/emodb/wav/16b10Td.wav,16b10Td.wav,16,31,female,b10,T,sadness,d
/home/leticia/5RO11/voice_emotion/data/raw/emodb/wav/16b10Wa.wav,16b10Wa.wav,16,31,female,b10,W,anger,a
/home/leticia/5RO11/voice_emotion/data/raw/emodb/wav/16b10Wb.wav,16b10Wb.wav,16,31,female,b10,W,anger,b
